Date,Year,Emonth,Month Label
03 January 2014,2014,31 January 2014,Jan-14
04 January 2014,2014,31 January 2014,Jan-14
05 January 2014,2014,31 January 2014,Jan-14
06 January 2014,2014,31 January 2014,Jan-14
07 January 2014,2014,31 January 2014,Jan-14
08 January 2014,2014,31 January 2014,Jan-14
09 January 2014,2014,31 January 2014,Jan-14
10 January 2014,2014,31 January 2014,Jan-14
11 January 2014,2014,31 January 2014,Jan-14
12 January 2014,2014,31 January 2014,Jan-14
13 January 2014,2014,31 January 2014,Jan-14
14 January 2014,2014,31 January 2014,Jan-14
15 January 2014,2014,31 January 2014,Jan-14
16 January 2014,2014,31 January 2014,Jan-14
17 January 2014,2014,31 January 2014,Jan-14
18 January 2014,2014,31 January 2014,Jan-14
19 January 2014,2014,31 January 2014,Jan-14
20 January 2014,2014,31 January 2014,Jan-14
21 January 2014,2014,31 January 2014,Jan-14
22 January 2014,2014,31 January 2014,Jan-14
23 January 2014,2014,31 January 2014,Jan-14
24 January 2014,2014,31 January 2014,Jan-14
25 January 2014,2014,31 January 2014,Jan-14
26 January 2014,2014,31 January 2014,Jan-14
27 January 2014,2014,31 January 2014,Jan-14
28 January 2014,2014,31 January 2014,Jan-14
29 January 2014,2014,31 January 2014,Jan-14
30 January 2014,2014,31 January 2014,Jan-14
31 January 2014,2014,31 January 2014,Jan-14
01 February 2014,2014,28 February 2014,Feb-14
02 February 2014,2014,28 February 2014,Feb-14
03 February 2014,2014,28 February 2014,Feb-14
04 February 2014,2014,28 February 2014,Feb-14
05 February 2014,2014,28 February 2014,Feb-14
06 February 2014,2014,28 February 2014,Feb-14
07 February 2014,2014,28 February 2014,Feb-14
08 February 2014,2014,28 February 2014,Feb-14
09 February 2014,2014,28 February 2014,Feb-14
10 February 2014,2014,28 February 2014,Feb-14
11 February 2014,2014,28 February 2014,Feb-14
12 February 2014,2014,28 February 2014,Feb-14
13 February 2014,2014,28 February 2014,Feb-14
14 February 2014,2014,28 February 2014,Feb-14
15 February 2014,2014,28 February 2014,Feb-14
16 February 2014,2014,28 February 2014,Feb-14
17 February 2014,2014,28 February 2014,Feb-14
18 February 2014,2014,28 February 2014,Feb-14
19 February 2014,2014,28 February 2014,Feb-14
20 February 2014,2014,28 February 2014,Feb-14
21 February 2014,2014,28 February 2014,Feb-14
22 February 2014,2014,28 February 2014,Feb-14
23 February 2014,2014,28 February 2014,Feb-14
24 February 2014,2014,28 February 2014,Feb-14
25 February 2014,2014,28 February 2014,Feb-14
26 February 2014,2014,28 February 2014,Feb-14
27 February 2014,2014,28 February 2014,Feb-14
28 February 2014,2014,28 February 2014,Feb-14
01 March 2014,2014,31 March 2014,Mar-14
02 March 2014,2014,31 March 2014,Mar-14
03 March 2014,2014,31 March 2014,Mar-14
04 March 2014,2014,31 March 2014,Mar-14
05 March 2014,2014,31 March 2014,Mar-14
06 March 2014,2014,31 March 2014,Mar-14
07 March 2014,2014,31 March 2014,Mar-14
08 March 2014,2014,31 March 2014,Mar-14
09 March 2014,2014,31 March 2014,Mar-14
10 March 2014,2014,31 March 2014,Mar-14
11 March 2014,2014,31 March 2014,Mar-14
12 March 2014,2014,31 March 2014,Mar-14
13 March 2014,2014,31 March 2014,Mar-14
14 March 2014,2014,31 March 2014,Mar-14
15 March 2014,2014,31 March 2014,Mar-14
16 March 2014,2014,31 March 2014,Mar-14
17 March 2014,2014,31 March 2014,Mar-14
18 March 2014,2014,31 March 2014,Mar-14
19 March 2014,2014,31 March 2014,Mar-14
20 March 2014,2014,31 March 2014,Mar-14
21 March 2014,2014,31 March 2014,Mar-14
22 March 2014,2014,31 March 2014,Mar-14
23 March 2014,2014,31 March 2014,Mar-14
24 March 2014,2014,31 March 2014,Mar-14
25 March 2014,2014,31 March 2014,Mar-14
26 March 2014,2014,31 March 2014,Mar-14
27 March 2014,2014,31 March 2014,Mar-14
28 March 2014,2014,31 March 2014,Mar-14
29 March 2014,2014,31 March 2014,Mar-14
30 March 2014,2014,31 March 2014,Mar-14
31 March 2014,2014,31 March 2014,Mar-14
01 April 2014,2014,30 April 2014,Apr-14
02 April 2014,2014,30 April 2014,Apr-14
03 April 2014,2014,30 April 2014,Apr-14
04 April 2014,2014,30 April 2014,Apr-14
05 April 2014,2014,30 April 2014,Apr-14
06 April 2014,2014,30 April 2014,Apr-14
07 April 2014,2014,30 April 2014,Apr-14
08 April 2014,2014,30 April 2014,Apr-14
09 April 2014,2014,30 April 2014,Apr-14
10 April 2014,2014,30 April 2014,Apr-14
11 April 2014,2014,30 April 2014,Apr-14
12 April 2014,2014,30 April 2014,Apr-14
13 April 2014,2014,30 April 2014,Apr-14
14 April 2014,2014,30 April 2014,Apr-14
15 April 2014,2014,30 April 2014,Apr-14
16 April 2014,2014,30 April 2014,Apr-14
17 April 2014,2014,30 April 2014,Apr-14
18 April 2014,2014,30 April 2014,Apr-14
19 April 2014,2014,30 April 2014,Apr-14
20 April 2014,2014,30 April 2014,Apr-14
21 April 2014,2014,30 April 2014,Apr-14
22 April 2014,2014,30 April 2014,Apr-14
23 April 2014,2014,30 April 2014,Apr-14
24 April 2014,2014,30 April 2014,Apr-14
25 April 2014,2014,30 April 2014,Apr-14
26 April 2014,2014,30 April 2014,Apr-14
27 April 2014,2014,30 April 2014,Apr-14
28 April 2014,2014,30 April 2014,Apr-14
29 April 2014,2014,30 April 2014,Apr-14
30 April 2014,2014,30 April 2014,Apr-14
01 May 2014,2014,31 May 2014,May-14
02 May 2014,2014,31 May 2014,May-14
03 May 2014,2014,31 May 2014,May-14
04 May 2014,2014,31 May 2014,May-14
05 May 2014,2014,31 May 2014,May-14
06 May 2014,2014,31 May 2014,May-14
07 May 2014,2014,31 May 2014,May-14
08 May 2014,2014,31 May 2014,May-14
09 May 2014,2014,31 May 2014,May-14
10 May 2014,2014,31 May 2014,May-14
11 May 2014,2014,31 May 2014,May-14
12 May 2014,2014,31 May 2014,May-14
13 May 2014,2014,31 May 2014,May-14
14 May 2014,2014,31 May 2014,May-14
15 May 2014,2014,31 May 2014,May-14
16 May 2014,2014,31 May 2014,May-14
17 May 2014,2014,31 May 2014,May-14
18 May 2014,2014,31 May 2014,May-14
19 May 2014,2014,31 May 2014,May-14
20 May 2014,2014,31 May 2014,May-14
21 May 2014,2014,31 May 2014,May-14
22 May 2014,2014,31 May 2014,May-14
23 May 2014,2014,31 May 2014,May-14
24 May 2014,2014,31 May 2014,May-14
25 May 2014,2014,31 May 2014,May-14
26 May 2014,2014,31 May 2014,May-14
27 May 2014,2014,31 May 2014,May-14
28 May 2014,2014,31 May 2014,May-14
29 May 2014,2014,31 May 2014,May-14
30 May 2014,2014,31 May 2014,May-14
31 May 2014,2014,31 May 2014,May-14
01 June 2014,2014,30 June 2014,Jun-14
02 June 2014,2014,30 June 2014,Jun-14
03 June 2014,2014,30 June 2014,Jun-14
04 June 2014,2014,30 June 2014,Jun-14
05 June 2014,2014,30 June 2014,Jun-14
06 June 2014,2014,30 June 2014,Jun-14
07 June 2014,2014,30 June 2014,Jun-14
08 June 2014,2014,30 June 2014,Jun-14
09 June 2014,2014,30 June 2014,Jun-14
10 June 2014,2014,30 June 2014,Jun-14
11 June 2014,2014,30 June 2014,Jun-14
12 June 2014,2014,30 June 2014,Jun-14
13 June 2014,2014,30 June 2014,Jun-14
14 June 2014,2014,30 June 2014,Jun-14
15 June 2014,2014,30 June 2014,Jun-14
16 June 2014,2014,30 June 2014,Jun-14
17 June 2014,2014,30 June 2014,Jun-14
18 June 2014,2014,30 June 2014,Jun-14
19 June 2014,2014,30 June 2014,Jun-14
20 June 2014,2014,30 June 2014,Jun-14
21 June 2014,2014,30 June 2014,Jun-14
22 June 2014,2014,30 June 2014,Jun-14
23 June 2014,2014,30 June 2014,Jun-14
24 June 2014,2014,30 June 2014,Jun-14
25 June 2014,2014,30 June 2014,Jun-14
26 June 2014,2014,30 June 2014,Jun-14
27 June 2014,2014,30 June 2014,Jun-14
28 June 2014,2014,30 June 2014,Jun-14
29 June 2014,2014,30 June 2014,Jun-14
30 June 2014,2014,30 June 2014,Jun-14
01 July 2014,2014,31 July 2014,Jul-14
02 July 2014,2014,31 July 2014,Jul-14
03 July 2014,2014,31 July 2014,Jul-14
04 July 2014,2014,31 July 2014,Jul-14
05 July 2014,2014,31 July 2014,Jul-14
06 July 2014,2014,31 July 2014,Jul-14
07 July 2014,2014,31 July 2014,Jul-14
08 July 2014,2014,31 July 2014,Jul-14
09 July 2014,2014,31 July 2014,Jul-14
10 July 2014,2014,31 July 2014,Jul-14
11 July 2014,2014,31 July 2014,Jul-14
12 July 2014,2014,31 July 2014,Jul-14
13 July 2014,2014,31 July 2014,Jul-14
14 July 2014,2014,31 July 2014,Jul-14
15 July 2014,2014,31 July 2014,Jul-14
16 July 2014,2014,31 July 2014,Jul-14
17 July 2014,2014,31 July 2014,Jul-14
18 July 2014,2014,31 July 2014,Jul-14
19 July 2014,2014,31 July 2014,Jul-14
20 July 2014,2014,31 July 2014,Jul-14
21 July 2014,2014,31 July 2014,Jul-14
22 July 2014,2014,31 July 2014,Jul-14
23 July 2014,2014,31 July 2014,Jul-14
24 July 2014,2014,31 July 2014,Jul-14
25 July 2014,2014,31 July 2014,Jul-14
26 July 2014,2014,31 July 2014,Jul-14
27 July 2014,2014,31 July 2014,Jul-14
28 July 2014,2014,31 July 2014,Jul-14
29 July 2014,2014,31 July 2014,Jul-14
30 July 2014,2014,31 July 2014,Jul-14
31 July 2014,2014,31 July 2014,Jul-14
01 August 2014,2014,31 August 2014,Aug-14
02 August 2014,2014,31 August 2014,Aug-14
03 August 2014,2014,31 August 2014,Aug-14
04 August 2014,2014,31 August 2014,Aug-14
05 August 2014,2014,31 August 2014,Aug-14
06 August 2014,2014,31 August 2014,Aug-14
07 August 2014,2014,31 August 2014,Aug-14
08 August 2014,2014,31 August 2014,Aug-14
09 August 2014,2014,31 August 2014,Aug-14
10 August 2014,2014,31 August 2014,Aug-14
11 August 2014,2014,31 August 2014,Aug-14
12 August 2014,2014,31 August 2014,Aug-14
13 August 2014,2014,31 August 2014,Aug-14
14 August 2014,2014,31 August 2014,Aug-14
15 August 2014,2014,31 August 2014,Aug-14
16 August 2014,2014,31 August 2014,Aug-14
17 August 2014,2014,31 August 2014,Aug-14
18 August 2014,2014,31 August 2014,Aug-14
19 August 2014,2014,31 August 2014,Aug-14
20 August 2014,2014,31 August 2014,Aug-14
21 August 2014,2014,31 August 2014,Aug-14
22 August 2014,2014,31 August 2014,Aug-14
23 August 2014,2014,31 August 2014,Aug-14
24 August 2014,2014,31 August 2014,Aug-14
25 August 2014,2014,31 August 2014,Aug-14
26 August 2014,2014,31 August 2014,Aug-14
27 August 2014,2014,31 August 2014,Aug-14
28 August 2014,2014,31 August 2014,Aug-14
29 August 2014,2014,31 August 2014,Aug-14
30 August 2014,2014,31 August 2014,Aug-14
31 August 2014,2014,31 August 2014,Aug-14
01 September 2014,2014,30 September 2014,Sep-14
02 September 2014,2014,30 September 2014,Sep-14
03 September 2014,2014,30 September 2014,Sep-14
04 September 2014,2014,30 September 2014,Sep-14
05 September 2014,2014,30 September 2014,Sep-14
06 September 2014,2014,30 September 2014,Sep-14
07 September 2014,2014,30 September 2014,Sep-14
08 September 2014,2014,30 September 2014,Sep-14
09 September 2014,2014,30 September 2014,Sep-14
10 September 2014,2014,30 September 2014,Sep-14
11 September 2014,2014,30 September 2014,Sep-14
12 September 2014,2014,30 September 2014,Sep-14
13 September 2014,2014,30 September 2014,Sep-14
14 September 2014,2014,30 September 2014,Sep-14
15 September 2014,2014,30 September 2014,Sep-14
16 September 2014,2014,30 September 2014,Sep-14
17 September 2014,2014,30 September 2014,Sep-14
18 September 2014,2014,30 September 2014,Sep-14
19 September 2014,2014,30 September 2014,Sep-14
20 September 2014,2014,30 September 2014,Sep-14
21 September 2014,2014,30 September 2014,Sep-14
22 September 2014,2014,30 September 2014,Sep-14
23 September 2014,2014,30 September 2014,Sep-14
24 September 2014,2014,30 September 2014,Sep-14
25 September 2014,2014,30 September 2014,Sep-14
26 September 2014,2014,30 September 2014,Sep-14
27 September 2014,2014,30 September 2014,Sep-14
28 September 2014,2014,30 September 2014,Sep-14
29 September 2014,2014,30 September 2014,Sep-14
30 September 2014,2014,30 September 2014,Sep-14
01 October 2014,2014,31 October 2014,Oct-14
02 October 2014,2014,31 October 2014,Oct-14
03 October 2014,2014,31 October 2014,Oct-14
04 October 2014,2014,31 October 2014,Oct-14
05 October 2014,2014,31 October 2014,Oct-14
06 October 2014,2014,31 October 2014,Oct-14
07 October 2014,2014,31 October 2014,Oct-14
08 October 2014,2014,31 October 2014,Oct-14
09 October 2014,2014,31 October 2014,Oct-14
10 October 2014,2014,31 October 2014,Oct-14
11 October 2014,2014,31 October 2014,Oct-14
12 October 2014,2014,31 October 2014,Oct-14
13 October 2014,2014,31 October 2014,Oct-14
14 October 2014,2014,31 October 2014,Oct-14
15 October 2014,2014,31 October 2014,Oct-14
16 October 2014,2014,31 October 2014,Oct-14
17 October 2014,2014,31 October 2014,Oct-14
18 October 2014,2014,31 October 2014,Oct-14
19 October 2014,2014,31 October 2014,Oct-14
20 October 2014,2014,31 October 2014,Oct-14
21 October 2014,2014,31 October 2014,Oct-14
22 October 2014,2014,31 October 2014,Oct-14
23 October 2014,2014,31 October 2014,Oct-14
24 October 2014,2014,31 October 2014,Oct-14
25 October 2014,2014,31 October 2014,Oct-14
26 October 2014,2014,31 October 2014,Oct-14
27 October 2014,2014,31 October 2014,Oct-14
28 October 2014,2014,31 October 2014,Oct-14
29 October 2014,2014,31 October 2014,Oct-14
30 October 2014,2014,31 October 2014,Oct-14
31 October 2014,2014,31 October 2014,Oct-14
01 November 2014,2014,30 November 2014,Nov-14
02 November 2014,2014,30 November 2014,Nov-14
03 November 2014,2014,30 November 2014,Nov-14
04 November 2014,2014,30 November 2014,Nov-14
05 November 2014,2014,30 November 2014,Nov-14
06 November 2014,2014,30 November 2014,Nov-14
07 November 2014,2014,30 November 2014,Nov-14
08 November 2014,2014,30 November 2014,Nov-14
09 November 2014,2014,30 November 2014,Nov-14
10 November 2014,2014,30 November 2014,Nov-14
11 November 2014,2014,30 November 2014,Nov-14
12 November 2014,2014,30 November 2014,Nov-14
13 November 2014,2014,30 November 2014,Nov-14
14 November 2014,2014,30 November 2014,Nov-14
15 November 2014,2014,30 November 2014,Nov-14
16 November 2014,2014,30 November 2014,Nov-14
17 November 2014,2014,30 November 2014,Nov-14
18 November 2014,2014,30 November 2014,Nov-14
19 November 2014,2014,30 November 2014,Nov-14
20 November 2014,2014,30 November 2014,Nov-14
21 November 2014,2014,30 November 2014,Nov-14
22 November 2014,2014,30 November 2014,Nov-14
23 November 2014,2014,30 November 2014,Nov-14
24 November 2014,2014,30 November 2014,Nov-14
25 November 2014,2014,30 November 2014,Nov-14
26 November 2014,2014,30 November 2014,Nov-14
27 November 2014,2014,30 November 2014,Nov-14
28 November 2014,2014,30 November 2014,Nov-14
29 November 2014,2014,30 November 2014,Nov-14
30 November 2014,2014,30 November 2014,Nov-14
01 December 2014,2014,31 December 2014,Dec-14
02 December 2014,2014,31 December 2014,Dec-14
03 December 2014,2014,31 December 2014,Dec-14
04 December 2014,2014,31 December 2014,Dec-14
05 December 2014,2014,31 December 2014,Dec-14
06 December 2014,2014,31 December 2014,Dec-14
07 December 2014,2014,31 December 2014,Dec-14
08 December 2014,2014,31 December 2014,Dec-14
09 December 2014,2014,31 December 2014,Dec-14
10 December 2014,2014,31 December 2014,Dec-14
11 December 2014,2014,31 December 2014,Dec-14
12 December 2014,2014,31 December 2014,Dec-14
13 December 2014,2014,31 December 2014,Dec-14
14 December 2014,2014,31 December 2014,Dec-14
15 December 2014,2014,31 December 2014,Dec-14
16 December 2014,2014,31 December 2014,Dec-14
17 December 2014,2014,31 December 2014,Dec-14
18 December 2014,2014,31 December 2014,Dec-14
19 December 2014,2014,31 December 2014,Dec-14
20 December 2014,2014,31 December 2014,Dec-14
21 December 2014,2014,31 December 2014,Dec-14
22 December 2014,2014,31 December 2014,Dec-14
23 December 2014,2014,31 December 2014,Dec-14
24 December 2014,2014,31 December 2014,Dec-14
25 December 2014,2014,31 December 2014,Dec-14
26 December 2014,2014,31 December 2014,Dec-14
27 December 2014,2014,31 December 2014,Dec-14
28 December 2014,2014,31 December 2014,Dec-14
29 December 2014,2014,31 December 2014,Dec-14
30 December 2014,2014,31 December 2014,Dec-14
31 December 2014,2014,31 December 2014,Dec-14
01 January 2015,2015,31 January 2015,Jan-15
02 January 2015,2015,31 January 2015,Jan-15
03 January 2015,2015,31 January 2015,Jan-15
04 January 2015,2015,31 January 2015,Jan-15
05 January 2015,2015,31 January 2015,Jan-15
06 January 2015,2015,31 January 2015,Jan-15
07 January 2015,2015,31 January 2015,Jan-15
08 January 2015,2015,31 January 2015,Jan-15
09 January 2015,2015,31 January 2015,Jan-15
10 January 2015,2015,31 January 2015,Jan-15
11 January 2015,2015,31 January 2015,Jan-15
12 January 2015,2015,31 January 2015,Jan-15
13 January 2015,2015,31 January 2015,Jan-15
14 January 2015,2015,31 January 2015,Jan-15
15 January 2015,2015,31 January 2015,Jan-15
16 January 2015,2015,31 January 2015,Jan-15
17 January 2015,2015,31 January 2015,Jan-15
18 January 2015,2015,31 January 2015,Jan-15
19 January 2015,2015,31 January 2015,Jan-15
20 January 2015,2015,31 January 2015,Jan-15
21 January 2015,2015,31 January 2015,Jan-15
22 January 2015,2015,31 January 2015,Jan-15
23 January 2015,2015,31 January 2015,Jan-15
24 January 2015,2015,31 January 2015,Jan-15
25 January 2015,2015,31 January 2015,Jan-15
26 January 2015,2015,31 January 2015,Jan-15
27 January 2015,2015,31 January 2015,Jan-15
28 January 2015,2015,31 January 2015,Jan-15
29 January 2015,2015,31 January 2015,Jan-15
30 January 2015,2015,31 January 2015,Jan-15
31 January 2015,2015,31 January 2015,Jan-15
01 February 2015,2015,28 February 2015,Feb-15
02 February 2015,2015,28 February 2015,Feb-15
03 February 2015,2015,28 February 2015,Feb-15
04 February 2015,2015,28 February 2015,Feb-15
05 February 2015,2015,28 February 2015,Feb-15
06 February 2015,2015,28 February 2015,Feb-15
07 February 2015,2015,28 February 2015,Feb-15
08 February 2015,2015,28 February 2015,Feb-15
09 February 2015,2015,28 February 2015,Feb-15
10 February 2015,2015,28 February 2015,Feb-15
11 February 2015,2015,28 February 2015,Feb-15
12 February 2015,2015,28 February 2015,Feb-15
13 February 2015,2015,28 February 2015,Feb-15
14 February 2015,2015,28 February 2015,Feb-15
15 February 2015,2015,28 February 2015,Feb-15
16 February 2015,2015,28 February 2015,Feb-15
17 February 2015,2015,28 February 2015,Feb-15
18 February 2015,2015,28 February 2015,Feb-15
19 February 2015,2015,28 February 2015,Feb-15
20 February 2015,2015,28 February 2015,Feb-15
21 February 2015,2015,28 February 2015,Feb-15
22 February 2015,2015,28 February 2015,Feb-15
23 February 2015,2015,28 February 2015,Feb-15
24 February 2015,2015,28 February 2015,Feb-15
25 February 2015,2015,28 February 2015,Feb-15
26 February 2015,2015,28 February 2015,Feb-15
27 February 2015,2015,28 February 2015,Feb-15
28 February 2015,2015,28 February 2015,Feb-15
01 March 2015,2015,31 March 2015,Mar-15
02 March 2015,2015,31 March 2015,Mar-15
03 March 2015,2015,31 March 2015,Mar-15
04 March 2015,2015,31 March 2015,Mar-15
05 March 2015,2015,31 March 2015,Mar-15
06 March 2015,2015,31 March 2015,Mar-15
07 March 2015,2015,31 March 2015,Mar-15
08 March 2015,2015,31 March 2015,Mar-15
09 March 2015,2015,31 March 2015,Mar-15
10 March 2015,2015,31 March 2015,Mar-15
11 March 2015,2015,31 March 2015,Mar-15
12 March 2015,2015,31 March 2015,Mar-15
13 March 2015,2015,31 March 2015,Mar-15
14 March 2015,2015,31 March 2015,Mar-15
15 March 2015,2015,31 March 2015,Mar-15
16 March 2015,2015,31 March 2015,Mar-15
17 March 2015,2015,31 March 2015,Mar-15
18 March 2015,2015,31 March 2015,Mar-15
19 March 2015,2015,31 March 2015,Mar-15
20 March 2015,2015,31 March 2015,Mar-15
21 March 2015,2015,31 March 2015,Mar-15
22 March 2015,2015,31 March 2015,Mar-15
23 March 2015,2015,31 March 2015,Mar-15
24 March 2015,2015,31 March 2015,Mar-15
25 March 2015,2015,31 March 2015,Mar-15
26 March 2015,2015,31 March 2015,Mar-15
27 March 2015,2015,31 March 2015,Mar-15
28 March 2015,2015,31 March 2015,Mar-15
29 March 2015,2015,31 March 2015,Mar-15
30 March 2015,2015,31 March 2015,Mar-15
31 March 2015,2015,31 March 2015,Mar-15
01 April 2015,2015,30 April 2015,Apr-15
02 April 2015,2015,30 April 2015,Apr-15
03 April 2015,2015,30 April 2015,Apr-15
04 April 2015,2015,30 April 2015,Apr-15
05 April 2015,2015,30 April 2015,Apr-15
06 April 2015,2015,30 April 2015,Apr-15
07 April 2015,2015,30 April 2015,Apr-15
08 April 2015,2015,30 April 2015,Apr-15
09 April 2015,2015,30 April 2015,Apr-15
10 April 2015,2015,30 April 2015,Apr-15
11 April 2015,2015,30 April 2015,Apr-15
12 April 2015,2015,30 April 2015,Apr-15
13 April 2015,2015,30 April 2015,Apr-15
14 April 2015,2015,30 April 2015,Apr-15
15 April 2015,2015,30 April 2015,Apr-15
16 April 2015,2015,30 April 2015,Apr-15
17 April 2015,2015,30 April 2015,Apr-15
18 April 2015,2015,30 April 2015,Apr-15
19 April 2015,2015,30 April 2015,Apr-15
20 April 2015,2015,30 April 2015,Apr-15
21 April 2015,2015,30 April 2015,Apr-15
22 April 2015,2015,30 April 2015,Apr-15
23 April 2015,2015,30 April 2015,Apr-15
24 April 2015,2015,30 April 2015,Apr-15
25 April 2015,2015,30 April 2015,Apr-15
26 April 2015,2015,30 April 2015,Apr-15
27 April 2015,2015,30 April 2015,Apr-15
28 April 2015,2015,30 April 2015,Apr-15
29 April 2015,2015,30 April 2015,Apr-15
30 April 2015,2015,30 April 2015,Apr-15
01 May 2015,2015,31 May 2015,May-15
02 May 2015,2015,31 May 2015,May-15
03 May 2015,2015,31 May 2015,May-15
04 May 2015,2015,31 May 2015,May-15
05 May 2015,2015,31 May 2015,May-15
06 May 2015,2015,31 May 2015,May-15
07 May 2015,2015,31 May 2015,May-15
08 May 2015,2015,31 May 2015,May-15
09 May 2015,2015,31 May 2015,May-15
10 May 2015,2015,31 May 2015,May-15
11 May 2015,2015,31 May 2015,May-15
12 May 2015,2015,31 May 2015,May-15
13 May 2015,2015,31 May 2015,May-15
14 May 2015,2015,31 May 2015,May-15
15 May 2015,2015,31 May 2015,May-15
16 May 2015,2015,31 May 2015,May-15
17 May 2015,2015,31 May 2015,May-15
18 May 2015,2015,31 May 2015,May-15
19 May 2015,2015,31 May 2015,May-15
20 May 2015,2015,31 May 2015,May-15
21 May 2015,2015,31 May 2015,May-15
22 May 2015,2015,31 May 2015,May-15
23 May 2015,2015,31 May 2015,May-15
24 May 2015,2015,31 May 2015,May-15
25 May 2015,2015,31 May 2015,May-15
26 May 2015,2015,31 May 2015,May-15
27 May 2015,2015,31 May 2015,May-15
28 May 2015,2015,31 May 2015,May-15
29 May 2015,2015,31 May 2015,May-15
30 May 2015,2015,31 May 2015,May-15
31 May 2015,2015,31 May 2015,May-15
01 June 2015,2015,30 June 2015,Jun-15
02 June 2015,2015,30 June 2015,Jun-15
03 June 2015,2015,30 June 2015,Jun-15
04 June 2015,2015,30 June 2015,Jun-15
05 June 2015,2015,30 June 2015,Jun-15
06 June 2015,2015,30 June 2015,Jun-15
07 June 2015,2015,30 June 2015,Jun-15
08 June 2015,2015,30 June 2015,Jun-15
09 June 2015,2015,30 June 2015,Jun-15
10 June 2015,2015,30 June 2015,Jun-15
11 June 2015,2015,30 June 2015,Jun-15
12 June 2015,2015,30 June 2015,Jun-15
13 June 2015,2015,30 June 2015,Jun-15
14 June 2015,2015,30 June 2015,Jun-15
15 June 2015,2015,30 June 2015,Jun-15
16 June 2015,2015,30 June 2015,Jun-15
17 June 2015,2015,30 June 2015,Jun-15
18 June 2015,2015,30 June 2015,Jun-15
19 June 2015,2015,30 June 2015,Jun-15
20 June 2015,2015,30 June 2015,Jun-15
21 June 2015,2015,30 June 2015,Jun-15
22 June 2015,2015,30 June 2015,Jun-15
23 June 2015,2015,30 June 2015,Jun-15
24 June 2015,2015,30 June 2015,Jun-15
25 June 2015,2015,30 June 2015,Jun-15
26 June 2015,2015,30 June 2015,Jun-15
27 June 2015,2015,30 June 2015,Jun-15
28 June 2015,2015,30 June 2015,Jun-15
29 June 2015,2015,30 June 2015,Jun-15
30 June 2015,2015,30 June 2015,Jun-15
01 July 2015,2015,31 July 2015,Jul-15
02 July 2015,2015,31 July 2015,Jul-15
03 July 2015,2015,31 July 2015,Jul-15
04 July 2015,2015,31 July 2015,Jul-15
05 July 2015,2015,31 July 2015,Jul-15
06 July 2015,2015,31 July 2015,Jul-15
07 July 2015,2015,31 July 2015,Jul-15
08 July 2015,2015,31 July 2015,Jul-15
09 July 2015,2015,31 July 2015,Jul-15
10 July 2015,2015,31 July 2015,Jul-15
11 July 2015,2015,31 July 2015,Jul-15
12 July 2015,2015,31 July 2015,Jul-15
13 July 2015,2015,31 July 2015,Jul-15
14 July 2015,2015,31 July 2015,Jul-15
15 July 2015,2015,31 July 2015,Jul-15
16 July 2015,2015,31 July 2015,Jul-15
17 July 2015,2015,31 July 2015,Jul-15
18 July 2015,2015,31 July 2015,Jul-15
19 July 2015,2015,31 July 2015,Jul-15
20 July 2015,2015,31 July 2015,Jul-15
21 July 2015,2015,31 July 2015,Jul-15
22 July 2015,2015,31 July 2015,Jul-15
23 July 2015,2015,31 July 2015,Jul-15
24 July 2015,2015,31 July 2015,Jul-15
25 July 2015,2015,31 July 2015,Jul-15
26 July 2015,2015,31 July 2015,Jul-15
27 July 2015,2015,31 July 2015,Jul-15
28 July 2015,2015,31 July 2015,Jul-15
29 July 2015,2015,31 July 2015,Jul-15
30 July 2015,2015,31 July 2015,Jul-15
31 July 2015,2015,31 July 2015,Jul-15
01 August 2015,2015,31 August 2015,Aug-15
02 August 2015,2015,31 August 2015,Aug-15
03 August 2015,2015,31 August 2015,Aug-15
04 August 2015,2015,31 August 2015,Aug-15
05 August 2015,2015,31 August 2015,Aug-15
06 August 2015,2015,31 August 2015,Aug-15
07 August 2015,2015,31 August 2015,Aug-15
08 August 2015,2015,31 August 2015,Aug-15
09 August 2015,2015,31 August 2015,Aug-15
10 August 2015,2015,31 August 2015,Aug-15
11 August 2015,2015,31 August 2015,Aug-15
12 August 2015,2015,31 August 2015,Aug-15
13 August 2015,2015,31 August 2015,Aug-15
14 August 2015,2015,31 August 2015,Aug-15
15 August 2015,2015,31 August 2015,Aug-15
16 August 2015,2015,31 August 2015,Aug-15
17 August 2015,2015,31 August 2015,Aug-15
18 August 2015,2015,31 August 2015,Aug-15
19 August 2015,2015,31 August 2015,Aug-15
20 August 2015,2015,31 August 2015,Aug-15
21 August 2015,2015,31 August 2015,Aug-15
22 August 2015,2015,31 August 2015,Aug-15
23 August 2015,2015,31 August 2015,Aug-15
24 August 2015,2015,31 August 2015,Aug-15
25 August 2015,2015,31 August 2015,Aug-15
26 August 2015,2015,31 August 2015,Aug-15
27 August 2015,2015,31 August 2015,Aug-15
28 August 2015,2015,31 August 2015,Aug-15
29 August 2015,2015,31 August 2015,Aug-15
30 August 2015,2015,31 August 2015,Aug-15
31 August 2015,2015,31 August 2015,Aug-15
01 September 2015,2015,30 September 2015,Sep-15
02 September 2015,2015,30 September 2015,Sep-15
03 September 2015,2015,30 September 2015,Sep-15
04 September 2015,2015,30 September 2015,Sep-15
05 September 2015,2015,30 September 2015,Sep-15
06 September 2015,2015,30 September 2015,Sep-15
07 September 2015,2015,30 September 2015,Sep-15
08 September 2015,2015,30 September 2015,Sep-15
09 September 2015,2015,30 September 2015,Sep-15
10 September 2015,2015,30 September 2015,Sep-15
11 September 2015,2015,30 September 2015,Sep-15
12 September 2015,2015,30 September 2015,Sep-15
13 September 2015,2015,30 September 2015,Sep-15
14 September 2015,2015,30 September 2015,Sep-15
15 September 2015,2015,30 September 2015,Sep-15
16 September 2015,2015,30 September 2015,Sep-15
17 September 2015,2015,30 September 2015,Sep-15
18 September 2015,2015,30 September 2015,Sep-15
19 September 2015,2015,30 September 2015,Sep-15
20 September 2015,2015,30 September 2015,Sep-15
21 September 2015,2015,30 September 2015,Sep-15
22 September 2015,2015,30 September 2015,Sep-15
23 September 2015,2015,30 September 2015,Sep-15
24 September 2015,2015,30 September 2015,Sep-15
25 September 2015,2015,30 September 2015,Sep-15
26 September 2015,2015,30 September 2015,Sep-15
27 September 2015,2015,30 September 2015,Sep-15
28 September 2015,2015,30 September 2015,Sep-15
29 September 2015,2015,30 September 2015,Sep-15
30 September 2015,2015,30 September 2015,Sep-15
01 October 2015,2015,31 October 2015,Oct-15
02 October 2015,2015,31 October 2015,Oct-15
03 October 2015,2015,31 October 2015,Oct-15
04 October 2015,2015,31 October 2015,Oct-15
05 October 2015,2015,31 October 2015,Oct-15
06 October 2015,2015,31 October 2015,Oct-15
07 October 2015,2015,31 October 2015,Oct-15
08 October 2015,2015,31 October 2015,Oct-15
09 October 2015,2015,31 October 2015,Oct-15
10 October 2015,2015,31 October 2015,Oct-15
11 October 2015,2015,31 October 2015,Oct-15
12 October 2015,2015,31 October 2015,Oct-15
13 October 2015,2015,31 October 2015,Oct-15
14 October 2015,2015,31 October 2015,Oct-15
15 October 2015,2015,31 October 2015,Oct-15
16 October 2015,2015,31 October 2015,Oct-15
17 October 2015,2015,31 October 2015,Oct-15
18 October 2015,2015,31 October 2015,Oct-15
19 October 2015,2015,31 October 2015,Oct-15
20 October 2015,2015,31 October 2015,Oct-15
21 October 2015,2015,31 October 2015,Oct-15
22 October 2015,2015,31 October 2015,Oct-15
23 October 2015,2015,31 October 2015,Oct-15
24 October 2015,2015,31 October 2015,Oct-15
25 October 2015,2015,31 October 2015,Oct-15
26 October 2015,2015,31 October 2015,Oct-15
27 October 2015,2015,31 October 2015,Oct-15
28 October 2015,2015,31 October 2015,Oct-15
29 October 2015,2015,31 October 2015,Oct-15
30 October 2015,2015,31 October 2015,Oct-15
31 October 2015,2015,31 October 2015,Oct-15
01 November 2015,2015,30 November 2015,Nov-15
02 November 2015,2015,30 November 2015,Nov-15
03 November 2015,2015,30 November 2015,Nov-15
04 November 2015,2015,30 November 2015,Nov-15
05 November 2015,2015,30 November 2015,Nov-15
06 November 2015,2015,30 November 2015,Nov-15
07 November 2015,2015,30 November 2015,Nov-15
08 November 2015,2015,30 November 2015,Nov-15
09 November 2015,2015,30 November 2015,Nov-15
10 November 2015,2015,30 November 2015,Nov-15
11 November 2015,2015,30 November 2015,Nov-15
12 November 2015,2015,30 November 2015,Nov-15
13 November 2015,2015,30 November 2015,Nov-15
14 November 2015,2015,30 November 2015,Nov-15
15 November 2015,2015,30 November 2015,Nov-15
16 November 2015,2015,30 November 2015,Nov-15
17 November 2015,2015,30 November 2015,Nov-15
18 November 2015,2015,30 November 2015,Nov-15
19 November 2015,2015,30 November 2015,Nov-15
20 November 2015,2015,30 November 2015,Nov-15
21 November 2015,2015,30 November 2015,Nov-15
22 November 2015,2015,30 November 2015,Nov-15
23 November 2015,2015,30 November 2015,Nov-15
24 November 2015,2015,30 November 2015,Nov-15
25 November 2015,2015,30 November 2015,Nov-15
26 November 2015,2015,30 November 2015,Nov-15
27 November 2015,2015,30 November 2015,Nov-15
28 November 2015,2015,30 November 2015,Nov-15
29 November 2015,2015,30 November 2015,Nov-15
30 November 2015,2015,30 November 2015,Nov-15
01 December 2015,2015,31 December 2015,Dec-15
02 December 2015,2015,31 December 2015,Dec-15
03 December 2015,2015,31 December 2015,Dec-15
04 December 2015,2015,31 December 2015,Dec-15
05 December 2015,2015,31 December 2015,Dec-15
06 December 2015,2015,31 December 2015,Dec-15
07 December 2015,2015,31 December 2015,Dec-15
08 December 2015,2015,31 December 2015,Dec-15
09 December 2015,2015,31 December 2015,Dec-15
10 December 2015,2015,31 December 2015,Dec-15
11 December 2015,2015,31 December 2015,Dec-15
12 December 2015,2015,31 December 2015,Dec-15
13 December 2015,2015,31 December 2015,Dec-15
14 December 2015,2015,31 December 2015,Dec-15
15 December 2015,2015,31 December 2015,Dec-15
16 December 2015,2015,31 December 2015,Dec-15
17 December 2015,2015,31 December 2015,Dec-15
18 December 2015,2015,31 December 2015,Dec-15
19 December 2015,2015,31 December 2015,Dec-15
20 December 2015,2015,31 December 2015,Dec-15
21 December 2015,2015,31 December 2015,Dec-15
22 December 2015,2015,31 December 2015,Dec-15
23 December 2015,2015,31 December 2015,Dec-15
24 December 2015,2015,31 December 2015,Dec-15
25 December 2015,2015,31 December 2015,Dec-15
26 December 2015,2015,31 December 2015,Dec-15
27 December 2015,2015,31 December 2015,Dec-15
28 December 2015,2015,31 December 2015,Dec-15
29 December 2015,2015,31 December 2015,Dec-15
30 December 2015,2015,31 December 2015,Dec-15
31 December 2015,2015,31 December 2015,Dec-15
01 January 2016,2016,31 January 2016,Jan-16
02 January 2016,2016,31 January 2016,Jan-16
03 January 2016,2016,31 January 2016,Jan-16
04 January 2016,2016,31 January 2016,Jan-16
05 January 2016,2016,31 January 2016,Jan-16
06 January 2016,2016,31 January 2016,Jan-16
07 January 2016,2016,31 January 2016,Jan-16
08 January 2016,2016,31 January 2016,Jan-16
09 January 2016,2016,31 January 2016,Jan-16
10 January 2016,2016,31 January 2016,Jan-16
11 January 2016,2016,31 January 2016,Jan-16
12 January 2016,2016,31 January 2016,Jan-16
13 January 2016,2016,31 January 2016,Jan-16
14 January 2016,2016,31 January 2016,Jan-16
15 January 2016,2016,31 January 2016,Jan-16
16 January 2016,2016,31 January 2016,Jan-16
17 January 2016,2016,31 January 2016,Jan-16
18 January 2016,2016,31 January 2016,Jan-16
19 January 2016,2016,31 January 2016,Jan-16
20 January 2016,2016,31 January 2016,Jan-16
21 January 2016,2016,31 January 2016,Jan-16
22 January 2016,2016,31 January 2016,Jan-16
23 January 2016,2016,31 January 2016,Jan-16
24 January 2016,2016,31 January 2016,Jan-16
25 January 2016,2016,31 January 2016,Jan-16
26 January 2016,2016,31 January 2016,Jan-16
27 January 2016,2016,31 January 2016,Jan-16
28 January 2016,2016,31 January 2016,Jan-16
29 January 2016,2016,31 January 2016,Jan-16
30 January 2016,2016,31 January 2016,Jan-16
31 January 2016,2016,31 January 2016,Jan-16
01 February 2016,2016,29 February 2016,Feb-16
02 February 2016,2016,29 February 2016,Feb-16
03 February 2016,2016,29 February 2016,Feb-16
04 February 2016,2016,29 February 2016,Feb-16
05 February 2016,2016,29 February 2016,Feb-16
06 February 2016,2016,29 February 2016,Feb-16
07 February 2016,2016,29 February 2016,Feb-16
08 February 2016,2016,29 February 2016,Feb-16
09 February 2016,2016,29 February 2016,Feb-16
10 February 2016,2016,29 February 2016,Feb-16
11 February 2016,2016,29 February 2016,Feb-16
12 February 2016,2016,29 February 2016,Feb-16
13 February 2016,2016,29 February 2016,Feb-16
14 February 2016,2016,29 February 2016,Feb-16
15 February 2016,2016,29 February 2016,Feb-16
16 February 2016,2016,29 February 2016,Feb-16
17 February 2016,2016,29 February 2016,Feb-16
18 February 2016,2016,29 February 2016,Feb-16
19 February 2016,2016,29 February 2016,Feb-16
20 February 2016,2016,29 February 2016,Feb-16
21 February 2016,2016,29 February 2016,Feb-16
22 February 2016,2016,29 February 2016,Feb-16
23 February 2016,2016,29 February 2016,Feb-16
24 February 2016,2016,29 February 2016,Feb-16
25 February 2016,2016,29 February 2016,Feb-16
26 February 2016,2016,29 February 2016,Feb-16
27 February 2016,2016,29 February 2016,Feb-16
28 February 2016,2016,29 February 2016,Feb-16
29 February 2016,2016,29 February 2016,Feb-16
01 March 2016,2016,31 March 2016,Mar-16
02 March 2016,2016,31 March 2016,Mar-16
03 March 2016,2016,31 March 2016,Mar-16
04 March 2016,2016,31 March 2016,Mar-16
05 March 2016,2016,31 March 2016,Mar-16
06 March 2016,2016,31 March 2016,Mar-16
07 March 2016,2016,31 March 2016,Mar-16
08 March 2016,2016,31 March 2016,Mar-16
09 March 2016,2016,31 March 2016,Mar-16
10 March 2016,2016,31 March 2016,Mar-16
11 March 2016,2016,31 March 2016,Mar-16
12 March 2016,2016,31 March 2016,Mar-16
13 March 2016,2016,31 March 2016,Mar-16
14 March 2016,2016,31 March 2016,Mar-16
15 March 2016,2016,31 March 2016,Mar-16
16 March 2016,2016,31 March 2016,Mar-16
17 March 2016,2016,31 March 2016,Mar-16
18 March 2016,2016,31 March 2016,Mar-16
19 March 2016,2016,31 March 2016,Mar-16
20 March 2016,2016,31 March 2016,Mar-16
21 March 2016,2016,31 March 2016,Mar-16
22 March 2016,2016,31 March 2016,Mar-16
23 March 2016,2016,31 March 2016,Mar-16
24 March 2016,2016,31 March 2016,Mar-16
25 March 2016,2016,31 March 2016,Mar-16
26 March 2016,2016,31 March 2016,Mar-16
27 March 2016,2016,31 March 2016,Mar-16
28 March 2016,2016,31 March 2016,Mar-16
29 March 2016,2016,31 March 2016,Mar-16
30 March 2016,2016,31 March 2016,Mar-16
31 March 2016,2016,31 March 2016,Mar-16
01 April 2016,2016,30 April 2016,Apr-16
02 April 2016,2016,30 April 2016,Apr-16
03 April 2016,2016,30 April 2016,Apr-16
04 April 2016,2016,30 April 2016,Apr-16
05 April 2016,2016,30 April 2016,Apr-16
06 April 2016,2016,30 April 2016,Apr-16
07 April 2016,2016,30 April 2016,Apr-16
08 April 2016,2016,30 April 2016,Apr-16
09 April 2016,2016,30 April 2016,Apr-16
10 April 2016,2016,30 April 2016,Apr-16
11 April 2016,2016,30 April 2016,Apr-16
12 April 2016,2016,30 April 2016,Apr-16
13 April 2016,2016,30 April 2016,Apr-16
14 April 2016,2016,30 April 2016,Apr-16
15 April 2016,2016,30 April 2016,Apr-16
16 April 2016,2016,30 April 2016,Apr-16
17 April 2016,2016,30 April 2016,Apr-16
18 April 2016,2016,30 April 2016,Apr-16
19 April 2016,2016,30 April 2016,Apr-16
20 April 2016,2016,30 April 2016,Apr-16
21 April 2016,2016,30 April 2016,Apr-16
22 April 2016,2016,30 April 2016,Apr-16
23 April 2016,2016,30 April 2016,Apr-16
24 April 2016,2016,30 April 2016,Apr-16
25 April 2016,2016,30 April 2016,Apr-16
26 April 2016,2016,30 April 2016,Apr-16
27 April 2016,2016,30 April 2016,Apr-16
28 April 2016,2016,30 April 2016,Apr-16
29 April 2016,2016,30 April 2016,Apr-16
30 April 2016,2016,30 April 2016,Apr-16
01 May 2016,2016,31 May 2016,May-16
02 May 2016,2016,31 May 2016,May-16
03 May 2016,2016,31 May 2016,May-16
04 May 2016,2016,31 May 2016,May-16
05 May 2016,2016,31 May 2016,May-16
06 May 2016,2016,31 May 2016,May-16
07 May 2016,2016,31 May 2016,May-16
08 May 2016,2016,31 May 2016,May-16
09 May 2016,2016,31 May 2016,May-16
10 May 2016,2016,31 May 2016,May-16
11 May 2016,2016,31 May 2016,May-16
12 May 2016,2016,31 May 2016,May-16
13 May 2016,2016,31 May 2016,May-16
14 May 2016,2016,31 May 2016,May-16
15 May 2016,2016,31 May 2016,May-16
16 May 2016,2016,31 May 2016,May-16
17 May 2016,2016,31 May 2016,May-16
18 May 2016,2016,31 May 2016,May-16
19 May 2016,2016,31 May 2016,May-16
20 May 2016,2016,31 May 2016,May-16
21 May 2016,2016,31 May 2016,May-16
22 May 2016,2016,31 May 2016,May-16
23 May 2016,2016,31 May 2016,May-16
24 May 2016,2016,31 May 2016,May-16
25 May 2016,2016,31 May 2016,May-16
26 May 2016,2016,31 May 2016,May-16
27 May 2016,2016,31 May 2016,May-16
28 May 2016,2016,31 May 2016,May-16
29 May 2016,2016,31 May 2016,May-16
30 May 2016,2016,31 May 2016,May-16
31 May 2016,2016,31 May 2016,May-16
01 June 2016,2016,30 June 2016,Jun-16
02 June 2016,2016,30 June 2016,Jun-16
03 June 2016,2016,30 June 2016,Jun-16
04 June 2016,2016,30 June 2016,Jun-16
05 June 2016,2016,30 June 2016,Jun-16
06 June 2016,2016,30 June 2016,Jun-16
07 June 2016,2016,30 June 2016,Jun-16
08 June 2016,2016,30 June 2016,Jun-16
09 June 2016,2016,30 June 2016,Jun-16
10 June 2016,2016,30 June 2016,Jun-16
11 June 2016,2016,30 June 2016,Jun-16
12 June 2016,2016,30 June 2016,Jun-16
13 June 2016,2016,30 June 2016,Jun-16
14 June 2016,2016,30 June 2016,Jun-16
15 June 2016,2016,30 June 2016,Jun-16
16 June 2016,2016,30 June 2016,Jun-16
17 June 2016,2016,30 June 2016,Jun-16
18 June 2016,2016,30 June 2016,Jun-16
19 June 2016,2016,30 June 2016,Jun-16
20 June 2016,2016,30 June 2016,Jun-16
21 June 2016,2016,30 June 2016,Jun-16
22 June 2016,2016,30 June 2016,Jun-16
23 June 2016,2016,30 June 2016,Jun-16
24 June 2016,2016,30 June 2016,Jun-16
25 June 2016,2016,30 June 2016,Jun-16
26 June 2016,2016,30 June 2016,Jun-16
27 June 2016,2016,30 June 2016,Jun-16
28 June 2016,2016,30 June 2016,Jun-16
29 June 2016,2016,30 June 2016,Jun-16
30 June 2016,2016,30 June 2016,Jun-16
01 July 2016,2016,31 July 2016,Jul-16
02 July 2016,2016,31 July 2016,Jul-16
03 July 2016,2016,31 July 2016,Jul-16
04 July 2016,2016,31 July 2016,Jul-16
05 July 2016,2016,31 July 2016,Jul-16
06 July 2016,2016,31 July 2016,Jul-16
07 July 2016,2016,31 July 2016,Jul-16
08 July 2016,2016,31 July 2016,Jul-16
09 July 2016,2016,31 July 2016,Jul-16
10 July 2016,2016,31 July 2016,Jul-16
11 July 2016,2016,31 July 2016,Jul-16
12 July 2016,2016,31 July 2016,Jul-16
13 July 2016,2016,31 July 2016,Jul-16
14 July 2016,2016,31 July 2016,Jul-16
15 July 2016,2016,31 July 2016,Jul-16
16 July 2016,2016,31 July 2016,Jul-16
17 July 2016,2016,31 July 2016,Jul-16
18 July 2016,2016,31 July 2016,Jul-16
19 July 2016,2016,31 July 2016,Jul-16
20 July 2016,2016,31 July 2016,Jul-16
21 July 2016,2016,31 July 2016,Jul-16
22 July 2016,2016,31 July 2016,Jul-16
23 July 2016,2016,31 July 2016,Jul-16
24 July 2016,2016,31 July 2016,Jul-16
25 July 2016,2016,31 July 2016,Jul-16
26 July 2016,2016,31 July 2016,Jul-16
27 July 2016,2016,31 July 2016,Jul-16
28 July 2016,2016,31 July 2016,Jul-16
29 July 2016,2016,31 July 2016,Jul-16
30 July 2016,2016,31 July 2016,Jul-16
31 July 2016,2016,31 July 2016,Jul-16
01 August 2016,2016,31 August 2016,Aug-16
02 August 2016,2016,31 August 2016,Aug-16
03 August 2016,2016,31 August 2016,Aug-16
04 August 2016,2016,31 August 2016,Aug-16
05 August 2016,2016,31 August 2016,Aug-16
06 August 2016,2016,31 August 2016,Aug-16
07 August 2016,2016,31 August 2016,Aug-16
08 August 2016,2016,31 August 2016,Aug-16
09 August 2016,2016,31 August 2016,Aug-16
10 August 2016,2016,31 August 2016,Aug-16
11 August 2016,2016,31 August 2016,Aug-16
12 August 2016,2016,31 August 2016,Aug-16
13 August 2016,2016,31 August 2016,Aug-16
14 August 2016,2016,31 August 2016,Aug-16
15 August 2016,2016,31 August 2016,Aug-16
16 August 2016,2016,31 August 2016,Aug-16
17 August 2016,2016,31 August 2016,Aug-16
18 August 2016,2016,31 August 2016,Aug-16
19 August 2016,2016,31 August 2016,Aug-16
20 August 2016,2016,31 August 2016,Aug-16
21 August 2016,2016,31 August 2016,Aug-16
22 August 2016,2016,31 August 2016,Aug-16
23 August 2016,2016,31 August 2016,Aug-16
24 August 2016,2016,31 August 2016,Aug-16
25 August 2016,2016,31 August 2016,Aug-16
26 August 2016,2016,31 August 2016,Aug-16
27 August 2016,2016,31 August 2016,Aug-16
28 August 2016,2016,31 August 2016,Aug-16
29 August 2016,2016,31 August 2016,Aug-16
30 August 2016,2016,31 August 2016,Aug-16
31 August 2016,2016,31 August 2016,Aug-16
01 September 2016,2016,30 September 2016,Sep-16
02 September 2016,2016,30 September 2016,Sep-16
03 September 2016,2016,30 September 2016,Sep-16
04 September 2016,2016,30 September 2016,Sep-16
05 September 2016,2016,30 September 2016,Sep-16
06 September 2016,2016,30 September 2016,Sep-16
07 September 2016,2016,30 September 2016,Sep-16
08 September 2016,2016,30 September 2016,Sep-16
09 September 2016,2016,30 September 2016,Sep-16
10 September 2016,2016,30 September 2016,Sep-16
11 September 2016,2016,30 September 2016,Sep-16
12 September 2016,2016,30 September 2016,Sep-16
13 September 2016,2016,30 September 2016,Sep-16
14 September 2016,2016,30 September 2016,Sep-16
15 September 2016,2016,30 September 2016,Sep-16
16 September 2016,2016,30 September 2016,Sep-16
17 September 2016,2016,30 September 2016,Sep-16
18 September 2016,2016,30 September 2016,Sep-16
19 September 2016,2016,30 September 2016,Sep-16
20 September 2016,2016,30 September 2016,Sep-16
21 September 2016,2016,30 September 2016,Sep-16
22 September 2016,2016,30 September 2016,Sep-16
23 September 2016,2016,30 September 2016,Sep-16
24 September 2016,2016,30 September 2016,Sep-16
25 September 2016,2016,30 September 2016,Sep-16
26 September 2016,2016,30 September 2016,Sep-16
27 September 2016,2016,30 September 2016,Sep-16
28 September 2016,2016,30 September 2016,Sep-16
29 September 2016,2016,30 September 2016,Sep-16
30 September 2016,2016,30 September 2016,Sep-16
01 October 2016,2016,31 October 2016,Oct-16
02 October 2016,2016,31 October 2016,Oct-16
03 October 2016,2016,31 October 2016,Oct-16
04 October 2016,2016,31 October 2016,Oct-16
05 October 2016,2016,31 October 2016,Oct-16
06 October 2016,2016,31 October 2016,Oct-16
07 October 2016,2016,31 October 2016,Oct-16
08 October 2016,2016,31 October 2016,Oct-16
09 October 2016,2016,31 October 2016,Oct-16
10 October 2016,2016,31 October 2016,Oct-16
11 October 2016,2016,31 October 2016,Oct-16
12 October 2016,2016,31 October 2016,Oct-16
13 October 2016,2016,31 October 2016,Oct-16
14 October 2016,2016,31 October 2016,Oct-16
15 October 2016,2016,31 October 2016,Oct-16
16 October 2016,2016,31 October 2016,Oct-16
17 October 2016,2016,31 October 2016,Oct-16
18 October 2016,2016,31 October 2016,Oct-16
19 October 2016,2016,31 October 2016,Oct-16
20 October 2016,2016,31 October 2016,Oct-16
21 October 2016,2016,31 October 2016,Oct-16
22 October 2016,2016,31 October 2016,Oct-16
23 October 2016,2016,31 October 2016,Oct-16
24 October 2016,2016,31 October 2016,Oct-16
25 October 2016,2016,31 October 2016,Oct-16
26 October 2016,2016,31 October 2016,Oct-16
27 October 2016,2016,31 October 2016,Oct-16
28 October 2016,2016,31 October 2016,Oct-16
29 October 2016,2016,31 October 2016,Oct-16
30 October 2016,2016,31 October 2016,Oct-16
31 October 2016,2016,31 October 2016,Oct-16
01 November 2016,2016,30 November 2016,Nov-16
02 November 2016,2016,30 November 2016,Nov-16
03 November 2016,2016,30 November 2016,Nov-16
04 November 2016,2016,30 November 2016,Nov-16
05 November 2016,2016,30 November 2016,Nov-16
06 November 2016,2016,30 November 2016,Nov-16
07 November 2016,2016,30 November 2016,Nov-16
08 November 2016,2016,30 November 2016,Nov-16
09 November 2016,2016,30 November 2016,Nov-16
10 November 2016,2016,30 November 2016,Nov-16
11 November 2016,2016,30 November 2016,Nov-16
12 November 2016,2016,30 November 2016,Nov-16
13 November 2016,2016,30 November 2016,Nov-16
14 November 2016,2016,30 November 2016,Nov-16
15 November 2016,2016,30 November 2016,Nov-16
16 November 2016,2016,30 November 2016,Nov-16
17 November 2016,2016,30 November 2016,Nov-16
18 November 2016,2016,30 November 2016,Nov-16
19 November 2016,2016,30 November 2016,Nov-16
20 November 2016,2016,30 November 2016,Nov-16
21 November 2016,2016,30 November 2016,Nov-16
22 November 2016,2016,30 November 2016,Nov-16
23 November 2016,2016,30 November 2016,Nov-16
24 November 2016,2016,30 November 2016,Nov-16
25 November 2016,2016,30 November 2016,Nov-16
26 November 2016,2016,30 November 2016,Nov-16
27 November 2016,2016,30 November 2016,Nov-16
28 November 2016,2016,30 November 2016,Nov-16
29 November 2016,2016,30 November 2016,Nov-16
30 November 2016,2016,30 November 2016,Nov-16
01 December 2016,2016,31 December 2016,Dec-16
02 December 2016,2016,31 December 2016,Dec-16
03 December 2016,2016,31 December 2016,Dec-16
04 December 2016,2016,31 December 2016,Dec-16
05 December 2016,2016,31 December 2016,Dec-16
06 December 2016,2016,31 December 2016,Dec-16
07 December 2016,2016,31 December 2016,Dec-16
08 December 2016,2016,31 December 2016,Dec-16
09 December 2016,2016,31 December 2016,Dec-16
10 December 2016,2016,31 December 2016,Dec-16
11 December 2016,2016,31 December 2016,Dec-16
12 December 2016,2016,31 December 2016,Dec-16
13 December 2016,2016,31 December 2016,Dec-16
14 December 2016,2016,31 December 2016,Dec-16
15 December 2016,2016,31 December 2016,Dec-16
16 December 2016,2016,31 December 2016,Dec-16
17 December 2016,2016,31 December 2016,Dec-16
18 December 2016,2016,31 December 2016,Dec-16
19 December 2016,2016,31 December 2016,Dec-16
20 December 2016,2016,31 December 2016,Dec-16
21 December 2016,2016,31 December 2016,Dec-16
22 December 2016,2016,31 December 2016,Dec-16
23 December 2016,2016,31 December 2016,Dec-16
24 December 2016,2016,31 December 2016,Dec-16
25 December 2016,2016,31 December 2016,Dec-16
26 December 2016,2016,31 December 2016,Dec-16
27 December 2016,2016,31 December 2016,Dec-16
28 December 2016,2016,31 December 2016,Dec-16
29 December 2016,2016,31 December 2016,Dec-16
30 December 2016,2016,31 December 2016,Dec-16
31 December 2016,2016,31 December 2016,Dec-16
01 January 2017,2017,31 January 2017,Jan-17
02 January 2017,2017,31 January 2017,Jan-17
03 January 2017,2017,31 January 2017,Jan-17
04 January 2017,2017,31 January 2017,Jan-17
05 January 2017,2017,31 January 2017,Jan-17
06 January 2017,2017,31 January 2017,Jan-17
07 January 2017,2017,31 January 2017,Jan-17
08 January 2017,2017,31 January 2017,Jan-17
09 January 2017,2017,31 January 2017,Jan-17
10 January 2017,2017,31 January 2017,Jan-17
11 January 2017,2017,31 January 2017,Jan-17
12 January 2017,2017,31 January 2017,Jan-17
13 January 2017,2017,31 January 2017,Jan-17
14 January 2017,2017,31 January 2017,Jan-17
15 January 2017,2017,31 January 2017,Jan-17
16 January 2017,2017,31 January 2017,Jan-17
17 January 2017,2017,31 January 2017,Jan-17
18 January 2017,2017,31 January 2017,Jan-17
19 January 2017,2017,31 January 2017,Jan-17
20 January 2017,2017,31 January 2017,Jan-17
21 January 2017,2017,31 January 2017,Jan-17
22 January 2017,2017,31 January 2017,Jan-17
23 January 2017,2017,31 January 2017,Jan-17
24 January 2017,2017,31 January 2017,Jan-17
25 January 2017,2017,31 January 2017,Jan-17
26 January 2017,2017,31 January 2017,Jan-17
27 January 2017,2017,31 January 2017,Jan-17
28 January 2017,2017,31 January 2017,Jan-17
29 January 2017,2017,31 January 2017,Jan-17
30 January 2017,2017,31 January 2017,Jan-17
31 January 2017,2017,31 January 2017,Jan-17
01 February 2017,2017,28 February 2017,Feb-17
02 February 2017,2017,28 February 2017,Feb-17
03 February 2017,2017,28 February 2017,Feb-17
04 February 2017,2017,28 February 2017,Feb-17
05 February 2017,2017,28 February 2017,Feb-17
06 February 2017,2017,28 February 2017,Feb-17
07 February 2017,2017,28 February 2017,Feb-17
08 February 2017,2017,28 February 2017,Feb-17
09 February 2017,2017,28 February 2017,Feb-17
10 February 2017,2017,28 February 2017,Feb-17
11 February 2017,2017,28 February 2017,Feb-17
12 February 2017,2017,28 February 2017,Feb-17
13 February 2017,2017,28 February 2017,Feb-17
14 February 2017,2017,28 February 2017,Feb-17
15 February 2017,2017,28 February 2017,Feb-17
16 February 2017,2017,28 February 2017,Feb-17
17 February 2017,2017,28 February 2017,Feb-17
18 February 2017,2017,28 February 2017,Feb-17
19 February 2017,2017,28 February 2017,Feb-17
20 February 2017,2017,28 February 2017,Feb-17
21 February 2017,2017,28 February 2017,Feb-17
22 February 2017,2017,28 February 2017,Feb-17
23 February 2017,2017,28 February 2017,Feb-17
24 February 2017,2017,28 February 2017,Feb-17
25 February 2017,2017,28 February 2017,Feb-17
26 February 2017,2017,28 February 2017,Feb-17
27 February 2017,2017,28 February 2017,Feb-17
28 February 2017,2017,28 February 2017,Feb-17
01 March 2017,2017,31 March 2017,Mar-17
02 March 2017,2017,31 March 2017,Mar-17
03 March 2017,2017,31 March 2017,Mar-17
04 March 2017,2017,31 March 2017,Mar-17
05 March 2017,2017,31 March 2017,Mar-17
06 March 2017,2017,31 March 2017,Mar-17
07 March 2017,2017,31 March 2017,Mar-17
08 March 2017,2017,31 March 2017,Mar-17
09 March 2017,2017,31 March 2017,Mar-17
10 March 2017,2017,31 March 2017,Mar-17
11 March 2017,2017,31 March 2017,Mar-17
12 March 2017,2017,31 March 2017,Mar-17
13 March 2017,2017,31 March 2017,Mar-17
14 March 2017,2017,31 March 2017,Mar-17
15 March 2017,2017,31 March 2017,Mar-17
16 March 2017,2017,31 March 2017,Mar-17
17 March 2017,2017,31 March 2017,Mar-17
18 March 2017,2017,31 March 2017,Mar-17
19 March 2017,2017,31 March 2017,Mar-17
20 March 2017,2017,31 March 2017,Mar-17
21 March 2017,2017,31 March 2017,Mar-17
22 March 2017,2017,31 March 2017,Mar-17
23 March 2017,2017,31 March 2017,Mar-17
24 March 2017,2017,31 March 2017,Mar-17
25 March 2017,2017,31 March 2017,Mar-17
26 March 2017,2017,31 March 2017,Mar-17
27 March 2017,2017,31 March 2017,Mar-17
28 March 2017,2017,31 March 2017,Mar-17
29 March 2017,2017,31 March 2017,Mar-17
30 March 2017,2017,31 March 2017,Mar-17
31 March 2017,2017,31 March 2017,Mar-17
01 April 2017,2017,30 April 2017,Apr-17
02 April 2017,2017,30 April 2017,Apr-17
03 April 2017,2017,30 April 2017,Apr-17
04 April 2017,2017,30 April 2017,Apr-17
05 April 2017,2017,30 April 2017,Apr-17
06 April 2017,2017,30 April 2017,Apr-17
07 April 2017,2017,30 April 2017,Apr-17
08 April 2017,2017,30 April 2017,Apr-17
09 April 2017,2017,30 April 2017,Apr-17
10 April 2017,2017,30 April 2017,Apr-17
11 April 2017,2017,30 April 2017,Apr-17
12 April 2017,2017,30 April 2017,Apr-17
13 April 2017,2017,30 April 2017,Apr-17
14 April 2017,2017,30 April 2017,Apr-17
15 April 2017,2017,30 April 2017,Apr-17
16 April 2017,2017,30 April 2017,Apr-17
17 April 2017,2017,30 April 2017,Apr-17
18 April 2017,2017,30 April 2017,Apr-17
19 April 2017,2017,30 April 2017,Apr-17
20 April 2017,2017,30 April 2017,Apr-17
21 April 2017,2017,30 April 2017,Apr-17
22 April 2017,2017,30 April 2017,Apr-17
23 April 2017,2017,30 April 2017,Apr-17
24 April 2017,2017,30 April 2017,Apr-17
25 April 2017,2017,30 April 2017,Apr-17
26 April 2017,2017,30 April 2017,Apr-17
27 April 2017,2017,30 April 2017,Apr-17
28 April 2017,2017,30 April 2017,Apr-17
29 April 2017,2017,30 April 2017,Apr-17
30 April 2017,2017,30 April 2017,Apr-17
01 May 2017,2017,31 May 2017,May-17
02 May 2017,2017,31 May 2017,May-17
03 May 2017,2017,31 May 2017,May-17
04 May 2017,2017,31 May 2017,May-17
05 May 2017,2017,31 May 2017,May-17
06 May 2017,2017,31 May 2017,May-17
07 May 2017,2017,31 May 2017,May-17
08 May 2017,2017,31 May 2017,May-17
09 May 2017,2017,31 May 2017,May-17
10 May 2017,2017,31 May 2017,May-17
11 May 2017,2017,31 May 2017,May-17
12 May 2017,2017,31 May 2017,May-17
13 May 2017,2017,31 May 2017,May-17
14 May 2017,2017,31 May 2017,May-17
15 May 2017,2017,31 May 2017,May-17
16 May 2017,2017,31 May 2017,May-17
17 May 2017,2017,31 May 2017,May-17
18 May 2017,2017,31 May 2017,May-17
19 May 2017,2017,31 May 2017,May-17
20 May 2017,2017,31 May 2017,May-17
21 May 2017,2017,31 May 2017,May-17
22 May 2017,2017,31 May 2017,May-17
23 May 2017,2017,31 May 2017,May-17
24 May 2017,2017,31 May 2017,May-17
25 May 2017,2017,31 May 2017,May-17
26 May 2017,2017,31 May 2017,May-17
27 May 2017,2017,31 May 2017,May-17
28 May 2017,2017,31 May 2017,May-17
29 May 2017,2017,31 May 2017,May-17
30 May 2017,2017,31 May 2017,May-17
31 May 2017,2017,31 May 2017,May-17
01 June 2017,2017,30 June 2017,Jun-17
02 June 2017,2017,30 June 2017,Jun-17
03 June 2017,2017,30 June 2017,Jun-17
04 June 2017,2017,30 June 2017,Jun-17
05 June 2017,2017,30 June 2017,Jun-17
06 June 2017,2017,30 June 2017,Jun-17
07 June 2017,2017,30 June 2017,Jun-17
08 June 2017,2017,30 June 2017,Jun-17
09 June 2017,2017,30 June 2017,Jun-17
10 June 2017,2017,30 June 2017,Jun-17
11 June 2017,2017,30 June 2017,Jun-17
12 June 2017,2017,30 June 2017,Jun-17
13 June 2017,2017,30 June 2017,Jun-17
14 June 2017,2017,30 June 2017,Jun-17
15 June 2017,2017,30 June 2017,Jun-17
16 June 2017,2017,30 June 2017,Jun-17
17 June 2017,2017,30 June 2017,Jun-17
18 June 2017,2017,30 June 2017,Jun-17
19 June 2017,2017,30 June 2017,Jun-17
20 June 2017,2017,30 June 2017,Jun-17
21 June 2017,2017,30 June 2017,Jun-17
22 June 2017,2017,30 June 2017,Jun-17
23 June 2017,2017,30 June 2017,Jun-17
24 June 2017,2017,30 June 2017,Jun-17
25 June 2017,2017,30 June 2017,Jun-17
26 June 2017,2017,30 June 2017,Jun-17
27 June 2017,2017,30 June 2017,Jun-17
28 June 2017,2017,30 June 2017,Jun-17
29 June 2017,2017,30 June 2017,Jun-17
30 June 2017,2017,30 June 2017,Jun-17
01 July 2017,2017,31 July 2017,Jul-17
02 July 2017,2017,31 July 2017,Jul-17
03 July 2017,2017,31 July 2017,Jul-17
04 July 2017,2017,31 July 2017,Jul-17
05 July 2017,2017,31 July 2017,Jul-17
06 July 2017,2017,31 July 2017,Jul-17
07 July 2017,2017,31 July 2017,Jul-17
08 July 2017,2017,31 July 2017,Jul-17
09 July 2017,2017,31 July 2017,Jul-17
10 July 2017,2017,31 July 2017,Jul-17
11 July 2017,2017,31 July 2017,Jul-17
12 July 2017,2017,31 July 2017,Jul-17
13 July 2017,2017,31 July 2017,Jul-17
14 July 2017,2017,31 July 2017,Jul-17
15 July 2017,2017,31 July 2017,Jul-17
16 July 2017,2017,31 July 2017,Jul-17
17 July 2017,2017,31 July 2017,Jul-17
18 July 2017,2017,31 July 2017,Jul-17
19 July 2017,2017,31 July 2017,Jul-17
20 July 2017,2017,31 July 2017,Jul-17
21 July 2017,2017,31 July 2017,Jul-17
22 July 2017,2017,31 July 2017,Jul-17
23 July 2017,2017,31 July 2017,Jul-17
24 July 2017,2017,31 July 2017,Jul-17
25 July 2017,2017,31 July 2017,Jul-17
26 July 2017,2017,31 July 2017,Jul-17
27 July 2017,2017,31 July 2017,Jul-17
28 July 2017,2017,31 July 2017,Jul-17
29 July 2017,2017,31 July 2017,Jul-17
30 July 2017,2017,31 July 2017,Jul-17
31 July 2017,2017,31 July 2017,Jul-17
01 August 2017,2017,31 August 2017,Aug-17
02 August 2017,2017,31 August 2017,Aug-17
03 August 2017,2017,31 August 2017,Aug-17
04 August 2017,2017,31 August 2017,Aug-17
05 August 2017,2017,31 August 2017,Aug-17
06 August 2017,2017,31 August 2017,Aug-17
07 August 2017,2017,31 August 2017,Aug-17
08 August 2017,2017,31 August 2017,Aug-17
09 August 2017,2017,31 August 2017,Aug-17
10 August 2017,2017,31 August 2017,Aug-17
11 August 2017,2017,31 August 2017,Aug-17
12 August 2017,2017,31 August 2017,Aug-17
13 August 2017,2017,31 August 2017,Aug-17
14 August 2017,2017,31 August 2017,Aug-17
15 August 2017,2017,31 August 2017,Aug-17
16 August 2017,2017,31 August 2017,Aug-17
17 August 2017,2017,31 August 2017,Aug-17
18 August 2017,2017,31 August 2017,Aug-17
19 August 2017,2017,31 August 2017,Aug-17
20 August 2017,2017,31 August 2017,Aug-17
21 August 2017,2017,31 August 2017,Aug-17
22 August 2017,2017,31 August 2017,Aug-17
23 August 2017,2017,31 August 2017,Aug-17
24 August 2017,2017,31 August 2017,Aug-17
25 August 2017,2017,31 August 2017,Aug-17
26 August 2017,2017,31 August 2017,Aug-17
27 August 2017,2017,31 August 2017,Aug-17
28 August 2017,2017,31 August 2017,Aug-17
29 August 2017,2017,31 August 2017,Aug-17
30 August 2017,2017,31 August 2017,Aug-17
31 August 2017,2017,31 August 2017,Aug-17
01 September 2017,2017,30 September 2017,Sep-17
02 September 2017,2017,30 September 2017,Sep-17
03 September 2017,2017,30 September 2017,Sep-17
04 September 2017,2017,30 September 2017,Sep-17
05 September 2017,2017,30 September 2017,Sep-17
06 September 2017,2017,30 September 2017,Sep-17
07 September 2017,2017,30 September 2017,Sep-17
08 September 2017,2017,30 September 2017,Sep-17
09 September 2017,2017,30 September 2017,Sep-17
10 September 2017,2017,30 September 2017,Sep-17
11 September 2017,2017,30 September 2017,Sep-17
12 September 2017,2017,30 September 2017,Sep-17
13 September 2017,2017,30 September 2017,Sep-17
14 September 2017,2017,30 September 2017,Sep-17
15 September 2017,2017,30 September 2017,Sep-17
16 September 2017,2017,30 September 2017,Sep-17
17 September 2017,2017,30 September 2017,Sep-17
18 September 2017,2017,30 September 2017,Sep-17
19 September 2017,2017,30 September 2017,Sep-17
20 September 2017,2017,30 September 2017,Sep-17
21 September 2017,2017,30 September 2017,Sep-17
22 September 2017,2017,30 September 2017,Sep-17
23 September 2017,2017,30 September 2017,Sep-17
24 September 2017,2017,30 September 2017,Sep-17
25 September 2017,2017,30 September 2017,Sep-17
26 September 2017,2017,30 September 2017,Sep-17
27 September 2017,2017,30 September 2017,Sep-17
28 September 2017,2017,30 September 2017,Sep-17
29 September 2017,2017,30 September 2017,Sep-17
30 September 2017,2017,30 September 2017,Sep-17
01 October 2017,2017,31 October 2017,Oct-17
02 October 2017,2017,31 October 2017,Oct-17
03 October 2017,2017,31 October 2017,Oct-17
04 October 2017,2017,31 October 2017,Oct-17
05 October 2017,2017,31 October 2017,Oct-17
06 October 2017,2017,31 October 2017,Oct-17
07 October 2017,2017,31 October 2017,Oct-17
08 October 2017,2017,31 October 2017,Oct-17
09 October 2017,2017,31 October 2017,Oct-17
10 October 2017,2017,31 October 2017,Oct-17
11 October 2017,2017,31 October 2017,Oct-17
12 October 2017,2017,31 October 2017,Oct-17
13 October 2017,2017,31 October 2017,Oct-17
14 October 2017,2017,31 October 2017,Oct-17
15 October 2017,2017,31 October 2017,Oct-17
16 October 2017,2017,31 October 2017,Oct-17
17 October 2017,2017,31 October 2017,Oct-17
18 October 2017,2017,31 October 2017,Oct-17
19 October 2017,2017,31 October 2017,Oct-17
20 October 2017,2017,31 October 2017,Oct-17
21 October 2017,2017,31 October 2017,Oct-17
22 October 2017,2017,31 October 2017,Oct-17
23 October 2017,2017,31 October 2017,Oct-17
24 October 2017,2017,31 October 2017,Oct-17
25 October 2017,2017,31 October 2017,Oct-17
26 October 2017,2017,31 October 2017,Oct-17
27 October 2017,2017,31 October 2017,Oct-17
28 October 2017,2017,31 October 2017,Oct-17
29 October 2017,2017,31 October 2017,Oct-17
30 October 2017,2017,31 October 2017,Oct-17
31 October 2017,2017,31 October 2017,Oct-17
01 November 2017,2017,30 November 2017,Nov-17
02 November 2017,2017,30 November 2017,Nov-17
03 November 2017,2017,30 November 2017,Nov-17
04 November 2017,2017,30 November 2017,Nov-17
05 November 2017,2017,30 November 2017,Nov-17
06 November 2017,2017,30 November 2017,Nov-17
07 November 2017,2017,30 November 2017,Nov-17
08 November 2017,2017,30 November 2017,Nov-17
09 November 2017,2017,30 November 2017,Nov-17
10 November 2017,2017,30 November 2017,Nov-17
11 November 2017,2017,30 November 2017,Nov-17
12 November 2017,2017,30 November 2017,Nov-17
13 November 2017,2017,30 November 2017,Nov-17
14 November 2017,2017,30 November 2017,Nov-17
15 November 2017,2017,30 November 2017,Nov-17
16 November 2017,2017,30 November 2017,Nov-17
17 November 2017,2017,30 November 2017,Nov-17
18 November 2017,2017,30 November 2017,Nov-17
19 November 2017,2017,30 November 2017,Nov-17
20 November 2017,2017,30 November 2017,Nov-17
21 November 2017,2017,30 November 2017,Nov-17
22 November 2017,2017,30 November 2017,Nov-17
23 November 2017,2017,30 November 2017,Nov-17
24 November 2017,2017,30 November 2017,Nov-17
25 November 2017,2017,30 November 2017,Nov-17
26 November 2017,2017,30 November 2017,Nov-17
27 November 2017,2017,30 November 2017,Nov-17
28 November 2017,2017,30 November 2017,Nov-17
29 November 2017,2017,30 November 2017,Nov-17
30 November 2017,2017,30 November 2017,Nov-17
01 December 2017,2017,31 December 2017,Dec-17
02 December 2017,2017,31 December 2017,Dec-17
03 December 2017,2017,31 December 2017,Dec-17
04 December 2017,2017,31 December 2017,Dec-17
05 December 2017,2017,31 December 2017,Dec-17
06 December 2017,2017,31 December 2017,Dec-17
07 December 2017,2017,31 December 2017,Dec-17
08 December 2017,2017,31 December 2017,Dec-17
09 December 2017,2017,31 December 2017,Dec-17
10 December 2017,2017,31 December 2017,Dec-17
11 December 2017,2017,31 December 2017,Dec-17
12 December 2017,2017,31 December 2017,Dec-17
13 December 2017,2017,31 December 2017,Dec-17
14 December 2017,2017,31 December 2017,Dec-17
15 December 2017,2017,31 December 2017,Dec-17
16 December 2017,2017,31 December 2017,Dec-17
17 December 2017,2017,31 December 2017,Dec-17
18 December 2017,2017,31 December 2017,Dec-17
19 December 2017,2017,31 December 2017,Dec-17
20 December 2017,2017,31 December 2017,Dec-17
21 December 2017,2017,31 December 2017,Dec-17
22 December 2017,2017,31 December 2017,Dec-17
23 December 2017,2017,31 December 2017,Dec-17
24 December 2017,2017,31 December 2017,Dec-17
25 December 2017,2017,31 December 2017,Dec-17
26 December 2017,2017,31 December 2017,Dec-17
27 December 2017,2017,31 December 2017,Dec-17
28 December 2017,2017,31 December 2017,Dec-17
29 December 2017,2017,31 December 2017,Dec-17
30 December 2017,2017,31 December 2017,Dec-17
